Accession,ABySS,,,,,,,,HAVoC,,,,,,,,IDBA-UD,,,,,,,,MEGAHIT,,,,,,,,Setu,,,,,,,,TAR-VIR,,,,,,,
,# contigs,Largest contig,N50,N90,NGA50,NA50,NA90,Genome fraction (%),# contigs,Largest contig,N50,N90,NGA50,NA50,NA90,Genome fraction (%),# contigs,Largest contig,N50,N90,NGA50,NA50,NA90,Genome fraction (%),# contigs,Largest contig,N50,N90,NGA50,NA50,NA90,Genome fraction (%),# contigs,Largest contig,N50,N90,NGA50,NA50,NA90,Genome fraction (%),# contigs,Largest contig,N50,N90,NGA50,NA50,NA90,Genome fraction (%)
SRR19429720,4,14265,8463,5319,14265,8463,5309,96.813,1,29870,29870,29870,25014,25014,25014,83.65,2,27830,27830,27830,27830,27830,27830,96.816,2,27830,27830,27830,27830,27830,27830,96.816,1,29798,29798,29798,28937,28937,28937,97.071,5,18128,16892,9942,18128,16892,9942,96.816
SRR19429721,16,4403,3048,985,4382,3048,985,90.289,1,29870,29870,29870,26391,26391,26391,88.255,7,8107,5474,2544,8107,5474,2544,93.017,3,20646,20646,6471,20646,20646,6286,93.643,1,29701,29701,29701,27981,27981,27981,93.633,82,6769,5311,1588,6530,5265,1489,92.211
SRR19429722,7,16317,16317,2073,16317,16317,2072,96.462,1,29870,29870,29870,28033,28033,28033,93.746,3,21597,21597,6284,21597,21597,6284,97.091,3,21627,21627,6340,21589,21589,6340,97.064,1,29709,29709,29709,28999,28999,28999,97.067,6,19209,19118,4028,19118,17909,3933,97.047
SRR19429723,14,6237,2039,999,6237,2026,999,89.907,1,29870,29870,29870,26220,26220,26220,87.684,5,9896,7263,3466,9896,7234,3466,93.683,3,20705,20705,6255,20676,20676,6251,93.84,1,29656,29656,29656,27961,27961,27961,93.723,131,10433,6429,4698,10404,6429,4694,93.308
SRR19429724,17,6173,1468,821,6152,1468,821,86.142,1,29870,29870,29870,24998,24998,24998,83.597,8,11243,9368,1192,11243,9366,1192,93.71,3,20645,20645,6340,20645,20645,6340,93.817,1,31443,31443,31443,29779,29779,29779,93.817,45,7181,3176,1324,7151,3176,1323,93.128
SRR19429725,11,6298,3964,1087,6281,3947,1087,93.425,1,29870,29870,29870,27226,27226,27226,91.048,6,10199,5447,2070,10199,5447,2070,93.957,3,21186,21186,6343,20941,20941,6343,95.726,1,29760,29760,29760,28637,28637,28637,95.827,169,14134,14129,12541,14129,14124,12541,93.823
SRR19429726,13,4243,3015,1068,4243,3015,1049,84.583,1,29870,29870,29870,23489,23489,23489,78.551,8,6340,5174,1670,6340,5174,1670,90.041,6,6462,5243,4305,6332,5243,4108,90.66,1,29696,29696,29696,27192,27192,27192,90.991,42,5103,2648,995,5095,2646,993,89.881
SRR19429727,12,6583,3275,989,6583,3275,989,89.677,1,29870,29870,29870,27023,27023,27023,90.369,4,19536,19536,6340,19536,19536,6340,95.134,3,21251,21251,6311,21189,21189,6311,95.532,1,29701,29701,29701,28577,28577,28577,95.626,564,11182,10184,9510,11182,10184,9510,95.251
SRR19429728,11,7206,2132,956,7206,2132,956,77.564,1,29870,29870,29870,22920,22920,22920,76.648,6,10328,4378,2681,10328,4378,2681,83.115,6,10430,4396,2727,10430,4396,2727,84.052,1,28642,28642,28642,24910,24910,24910,83.326,22,4493,2585,896,4493,2585,679,80.32
SRR19429729,9,7289,6340,991,7289,6340,991,89.693,1,29870,29870,29870,24971,24971,24971,83.507,6,9905,7508,3173,9905,7449,3173,93.723,4,20919,20919,3173,20909,20909,3173,94.492,1,27833,27833,27833,27054,27054,27054,90.533,100,9638,3130,2326,9638,3129,1232,91.553
SRR19429730,19,2202,2004,1000,2202,2004,977,92.064,1,29870,29870,29870,26788,26788,26788,89.583,7,12586,4565,1406,12586,4565,1406,91.446,3,20645,20645,6344,20645,20645,6340,93.92,1,27833,27833,27833,26985,26985,26985,90.302,133,8037,6348,5838,8037,6344,3874,93.81
SRR19429731,11,6340,3202,1074,6340,3202,1049,93.268,1,29870,29870,29870,25965,25965,25965,86.831,3,21172,21172,6014,21159,21159,6014,94.098,3,21177,21177,6404,21159,21159,6369,95.626,1,29735,29735,29735,28583,28583,28583,95.529,470,11035,10881,8618,11017,10861,7413,95.479
SRR19429732,10,8417,3140,1252,8417,3140,1252,80.694,1,29870,29870,29870,23119,23119,23119,77.313,6,9184,8284,2068,9184,8259,2068,83.483,5,10332,8653,2243,10332,8470,2080,84.242,1,28919,28919,28919,25163,25163,25163,83.925,19,10329,9313,1340,10329,9313,1018,84.132
SRR19429733,9,7146,4443,1121,7146,4365,1121,96.632,1,29870,29870,29870,28032,28032,28032,93.743,2,27830,27830,27830,27830,27830,27830,97.201,2,28036,28036,28036,27847,27847,27847,97.923,1,29778,29778,29778,29004,29004,29004,97.064,19,10169,7921,3614,9350,5533,3163,96.953
SRR19429734,19,2520,2029,803,2520,2029,679,80.039,1,29870,29870,29870,22914,22914,22914,76.628,12,9604,4210,970,9604,4210,967,84.319,8,10335,6509,1069,10335,6340,1044,89.971,1,29670,29670,29670,26631,26631,26631,89.041,29,4156,3203,1606,4129,2922,1009,83.012
SRR19429735,11,8215,5188,1057,8215,5188,1057,81.213,1,29870,29870,29870,23447,23447,23447,78.41,5,10326,6313,2163,10326,6313,2163,86.948,4,10449,8342,6340,10302,8282,6340,86.918,1,28636,28636,28636,25949,25949,25949,86.837,67,6916,5135,2409,6796,5135,2409,86.998
SRR19429736,8,6356,4229,2201,6356,4229,2189,93.546,1,29870,29870,29870,26996,26996,26996,90.279,4,20720,20720,6303,20720,20720,6303,93.967,3,20741,20741,6346,20741,20741,6344,94.174,1,29694,29694,29694,28136,28136,28136,94.151,22,10158,6346,4808,10158,6344,4738,94.151
SRR19429737,10,5370,3262,1071,5370,3262,1049,84.403,1,29870,29870,29870,23464,23464,23464,78.467,10,5300,3672,2007,5300,3672,2007,85.289,3,10329,8820,6335,10329,8820,6335,85.282,1,28717,28717,28717,27051,27051,27051,90.218,30,8285,6072,3424,8285,6072,3292,83.557
SRR19429738,15,3249,2223,1024,3249,2196,1018,89.901,1,29870,29870,29870,26348,26348,26348,88.112,5,17504,17504,1814,17504,17504,1814,94.328,3,20878,20878,6342,20816,20816,6342,94.389,1,29694,29694,29694,28207,28207,28207,94.389,100,7783,6700,4459,7315,5826,1956,94.342
SRR19429739,15,7231,1472,991,7209,1472,991,78.343,1,29870,29870,29870,21591,21591,21591,72.203,9,8378,4249,1074,8378,4190,1049,81.748,5,10362,6343,2921,10332,6343,2921,83.052,1,19749,19749,19749,18082,18082,18082,60.476,16,7209,4056,1492,5099,2939,1050,83.794
SRR19429740,14,3099,2077,1018,3099,2077,1018,74.621,1,29870,29870,29870,22592,22592,22592,75.551,9,7947,2927,1237,7947,2927,1237,78.206,7,8028,3966,2191,8028,3966,2191,83.162,1,28717,28717,28717,24870,24870,24870,82.935,58,8132,7160,4898,8132,7160,4127,80.293
SRR19429741,13,7164,3135,972,7152,3135,972,88.56,1,29870,29870,29870,23539,23539,23539,78.718,6,17337,17337,1808,17337,17337,1808,93.613,3,20672,20672,6344,20601,20601,6344,93.673,1,29690,29690,29690,28027,28027,28027,93.787,28,10111,7199,3585,9913,7182,1938,91.054
SRR19429742,12,8172,2877,1055,8172,2877,1055,87.801,1,29870,29870,29870,25733,25733,25733,86.055,7,9490,8112,1763,9484,8112,1763,89.386,4,10362,10309,6327,10332,10309,6327,93.639,1,27843,27843,27843,26996,26996,26996,90.305,57,8609,7796,2180,8609,7796,2179,91.222
SRR19429743,11,6314,3251,984,6314,3251,984,81.39,1,29870,29870,29870,23145,23145,23145,77.4,8,9162,5569,1122,9162,5569,1122,85.139,4,10332,8301,6340,10332,8238,6340,86.871,1,28635,28635,28635,26011,26011,26011,87.045,31,10333,8902,3240,10329,7565,1315,87.045
SRR19429744,9,8213,3206,1199,8213,3206,1178,96.465,1,29870,29870,29870,28032,28032,28032,93.743,2,27830,27830,27830,27830,27830,27830,96.81,2,27872,27872,27872,27847,27847,27847,96.873,1,29724,29724,29724,28929,28929,28929,96.813,51,27832,27041,13786,27832,27041,13786,96.816
SRR19429745,16,3208,2186,1042,3194,2186,1042,91.295,1,29870,29870,29870,25314,25314,25314,84.654,3,20644,20644,6335,20644,20644,6335,93.79,3,20646,20646,6343,20646,20646,6325,93.793,1,29701,29701,29701,28039,28039,28039,93.827,72,9745,7537,4454,9698,5670,2767,93.031
SRR19429746,9,6341,5077,1100,6341,5074,1099,91.87,1,29870,29870,29870,25822,25822,25822,86.353,5,9863,8734,6340,9863,8734,6340,92.355,3,20637,20637,6341,20637,20637,6341,93.71,1,27856,27856,27856,27011,27011,27011,90.272,71,9029,3000,1433,5928,3000,1432,92.556
SRR19429747,9,7127,3250,1068,7127,3249,1059,92.352,1,29870,29870,29870,25687,25687,25687,85.901,6,9151,6741,2083,9151,6741,2083,91.138,5,10962,9725,2690,10913,9722,2549,93.763,1,29709,29709,29709,28034,28034,28034,93.746,59,5206,3648,1986,5206,3631,1866,92.449
SRR19429748,11,6330,3240,1205,6330,3240,1205,93.151,1,29870,29870,29870,26621,26621,26621,89.025,4,17292,17292,3486,17292,17292,3486,94.154,4,17454,17454,3488,17454,17454,3488,94.455,1,27827,27827,27827,27002,27002,27002,90.379,48,7045,4108,1373,5306,2939,1122,94.455
SRR19429749,12,7089,3094,1159,7073,3094,1159,92.345,1,29870,29870,29870,26952,26952,26952,90.131,6,10638,6335,2069,10638,6335,2069,93.68,4,20653,20653,6336,20637,20637,6336,93.693,1,29700,29700,29700,27986,27986,27986,93.649,30,6377,4048,1835,6350,4048,1834,93.807
SRR19429750,17,3728,1580,854,3728,1456,854,84.269,1,29870,29870,29870,23558,23558,23558,78.781,7,7913,6343,1467,7913,6343,1408,89.392,6,8460,8077,1549,8314,8077,1470,89.74,1,33748,33748,33748,21072,21072,5442,90.937,76,6597,4991,2996,6597,2403,1059,89.372
SRR19429751,16,3621,2386,944,3618,2363,944,87.991,1,29870,29870,29870,22658,22658,22658,75.772,8,9143,5835,1850,9143,5835,1850,91.155,4,10332,10274,6338,10332,10274,6338,93.67,1,29779,29779,29779,28095,28095,28095,93.72,32,5697,3194,1474,5002,2623,1312,91.977
SRR19429752,9,6239,3104,1071,6239,3103,1049,77.868,1,29870,29870,29870,22883,22883,22883,76.524,9,8336,5530,1071,8336,5530,1049,85.627,5,8353,6335,5274,8353,6335,5274,88.028,1,28643,28643,28643,26316,26316,26316,88.035,36,5587,4633,2083,5587,4633,2083,87.433
SRR19429753,12,6294,3054,1096,6294,3054,1045,89.091,1,29870,29870,29870,23811,23811,23811,79.627,4,16070,16070,3659,16061,16061,3659,90.616,3,19749,19749,6362,19708,19708,6206,90.198,1,28806,28806,28806,27060,27060,27060,90.553,42,7878,3318,1622,7878,3002,1547,90.643
SRR19429754,12,4327,3775,1088,4327,3775,1088,93.372,1,29870,29870,29870,26765,26765,26765,89.506,7,19519,19519,1457,19519,19519,1457,93.92,3,20646,20646,6343,20646,20646,6343,95.204,1,29690,29690,29690,28442,28442,28442,95.204,141,9580,8133,3743,9580,6888,3592,94.559
SRR19429755,6,9334,8968,3328,9311,8968,3328,96.746,1,29870,29870,29870,28469,28469,28469,95.204,2,27825,27825,27825,27825,27825,27825,97.529,2,27830,27830,27830,27830,27830,27830,98.187,1,29716,29716,29716,29301,29301,29301,98.087,78,23662,23657,23645,23577,23572,23560,97.545
SRR19429756,9,9609,5723,1087,9609,5723,1087,91.406,1,29870,29870,29870,26647,26647,26647,89.111,5,16930,16930,3289,16930,16930,3289,92.225,3,20643,20643,6338,20643,20643,6338,93.807,1,29700,29700,29700,28030,28030,28030,93.807,79,7511,6337,3032,7511,5825,2131,93.756
SRR19429757,15,4594,2091,927,4594,2091,927,92.108,1,29870,29870,29870,25773,25773,25773,86.189,5,19116,19116,6337,19116,19116,6337,93.746,3,20826,20826,6340,20643,20643,6340,93.78,1,29729,29729,29729,28044,28044,28044,93.706,27,6625,4781,1789,5982,4779,1699,93.843
SRR19429758,15,6306,3143,897,6306,3143,897,88.867,1,29870,29870,29870,24897,24897,24897,83.259,6,10876,6336,3489,10876,6336,3489,93.318,4,11026,9636,6337,11026,9636,6337,93.83,1,29703,29703,29703,27672,27672,27672,92.599,202,4377,4372,2252,4377,4372,2151,89.937
SRR19429759,18,3229,1513,1001,3190,1513,1001,90.121,1,29870,29870,29870,25201,25201,25201,84.276,5,10335,10162,6343,10335,10158,6343,94.696,4,10440,10199,6377,10326,10199,6324,94.793,1,29692,29692,29692,28338,28338,28338,94.857,38,8609,6129,2793,8609,6129,2622,94.027
SRR19429760,8,4853,4030,2107,4853,4030,2107,88.035,1,29870,29870,29870,25115,25115,25115,83.988,4,20598,20598,2794,20598,20598,2794,93.603,3,20644,20644,6340,20644,20644,6340,93.807,1,29701,29701,29701,28033,28033,28033,93.807,38,6342,4325,1884,6342,4219,1884,93.807
SRR19429761,12,5304,2217,1111,5304,2197,1111,92.586,1,29870,29870,29870,26567,26567,26567,88.844,5,11468,9153,2112,11468,9153,2112,92.76,3,20717,20717,6340,20680,20680,6340,94.445,1,29769,29769,29769,28069,28069,28069,93.927,243,11161,11081,9863,10922,9045,2077,93.947
SRR19433027,11,5327,3089,1856,5314,3089,1856,96.92,1,29879,29879,29879,28929,28929,28929,96.713,3,27852,27852,27852,27847,27847,27847,98.154,2,27776,27776,27776,27776,27776,27776,98.057,1,29850,29850,29850,29383,29383,29383,98.214,163,13893,10267,6190,13893,7800,2689,97.773
SRR19433028,7,8325,8122,1966,8325,8122,1945,96.258,1,29879,29879,29879,28929,28929,28929,96.713,2,27840,27840,27840,27840,27840,27840,98.278,2,27830,27830,27830,27830,27830,27830,98.248,1,29710,29710,29710,29345,29345,29345,98.234,20,5944,3333,2258,5093,2863,1195,90.462
SRR19433029,5,11058,9359,3215,11058,9359,3215,96.626,1,29879,29879,29879,28930,28930,28930,96.716,3,23605,23605,4307,23599,23599,4307,98.111,2,27995,27995,27995,27864,27864,27864,98.201,1,29754,29754,29754,29339,29339,29339,98.067,45,9863,7365,5181,9863,7346,4497,97.856
SRR19433030,8,8773,6331,2089,8768,6331,2088,96.589,1,29870,29870,29870,28504,28504,28504,95.322,3,21771,21771,6209,21697,21697,6209,98.301,2,27929,27929,27929,27864,27864,27864,98.291,1,29795,29795,29795,29430,29430,29430,98.224,268,14100,14095,10082,14100,14095,10082,98.241
SRR19433031,9,8137,4165,1157,8123,4165,1157,96.278,1,29870,29870,29870,28907,28907,28907,96.669,2,27847,27847,27847,27847,27847,27847,98.311,2,27933,27933,27933,27933,27933,27933,98.599,1,29712,29712,29712,29449,29449,29449,98.582,74,12433,12427,4890,12433,12427,4890,98.258
SRR19433032,8,10055,6128,2142,10036,6126,2142,96.438,1,29870,29870,29870,28034,28034,28034,93.75,2,27825,27825,27825,27825,27825,27825,96.79,2,27831,27831,27831,27831,27831,27831,96.81,1,29766,29766,29766,28972,28972,28972,96.81,17,7256,4796,3970,7256,4796,3970,96.793
SRR19433033,8,7232,4968,1123,7232,4968,1123,93.208,1,29879,29879,29879,27541,27541,27541,92.071,3,25720,25720,25720,25720,25720,25720,93.566,3,25724,25724,25724,25724,25724,25724,94.964,1,29726,29726,29726,28375,28375,28375,94.96,51,15039,12748,8014,15039,12748,8014,93.579
SRR19433034,9,7499,5186,1093,7499,5186,1071,93.302,1,29870,29870,29870,23871,23871,23871,79.828,3,20572,20572,6321,20572,20572,6321,93.532,3,20576,20576,6325,20576,20576,6325,93.559,1,29630,29630,29630,27959,27959,27959,93.559,42,15815,12210,5104,15815,12210,3590,93.559
SRR19433035,6,11182,6027,2192,11159,6027,2192,96.689,1,29879,29879,29879,28866,28866,28866,96.502,3,25401,25401,2508,25398,25398,2508,98.121,2,27776,27776,27776,27776,27776,27776,97.883,1,29673,29673,29673,29290,29290,29290,98.05,18,10583,6287,2812,10583,6287,2812,97.301
SRR19433036,8,8202,3955,3043,8202,3938,3043,93.422,1,29879,29879,29879,27929,27929,27929,93.369,3,25725,25725,25725,25725,25725,25725,93.589,3,25725,25725,25725,25725,25725,25725,95.061,1,29722,29722,29722,28298,28298,28298,94.703,102,11670,8885,4906,11515,8884,4672,93.73
SRR19433037,8,7050,5265,1100,7050,5265,1100,93.295,1,29879,29879,29879,27918,27918,27918,93.332,3,25723,25723,25723,25723,25723,25723,93.566,3,25725,25725,25725,25725,25725,25725,93.519,1,29722,29722,29722,27960,27960,27960,93.573,124,19286,18767,16009,18941,14372,4874,93.569
SRR19433038,8,9226,7153,1173,9226,7153,1173,96.495,1,29870,29870,29870,28584,28584,28584,95.589,3,22651,22651,5244,22630,22630,5244,97.489,2,27819,27819,27819,27819,27819,27819,98.161,1,29839,29839,29839,29330,29330,29330,98.184,15,12527,7399,3013,12385,7145,3011,97.442
SRR19433039,13,4168,3049,1014,4168,3049,1014,94.91,1,29870,29870,29870,28014,28014,28014,93.683,2,27830,27830,27830,27830,27830,27830,96.806,2,27830,27830,27830,27830,27830,27830,96.763,1,29721,29721,29721,28927,28927,28927,96.806,56,15903,15882,8734,15621,15599,8182,96.606
SRR19433040,12,7190,3883,1087,7190,3883,1087,99.301,1,29870,29870,29870,28041,28041,28041,93.773,1,29732,29732,29732,29732,29732,29732,99.472,1,29732,29732,29732,29732,29732,29732,99.472,1,29815,29815,29815,29815,29815,29815,99.455,60,16312,8407,5169,16309,8407,5169,99.455
SRR19433041,11,9005,3073,1100,9005,3059,1100,93.298,1,29879,29879,29879,27608,27608,27608,92.295,3,25733,25733,25733,25733,25733,25733,92.706,3,25772,25772,25772,25733,25733,25733,93.596,1,29764,29764,29764,27997,27997,27997,93.549,13,9398,7764,6022,9359,7764,5983,93.596
SRR19433042,11,8275,4273,1067,8275,4273,1067,97.903,1,29870,29870,29870,28682,28682,28682,95.917,2,27852,27852,27852,27847,27847,27847,98.301,2,27821,27821,27821,27821,27821,27821,98.214,1,29748,29748,29748,29383,29383,29383,98.214,23,17100,16514,4321,17100,16514,4321,98.214
SRR19433043,8,6351,4199,2017,6332,4162,2017,93.442,1,29870,29870,29870,27758,27758,27758,92.827,4,21705,21705,5373,21705,21705,5373,96.375,2,27830,27830,27830,27830,27830,27830,96.656,1,29765,29765,29765,28971,28971,28971,96.806,25,21746,21738,10631,21746,21738,10631,96.803
SRR19433044,7,8216,6364,1960,8216,6364,1960,96.512,1,29870,29870,29870,28030,28030,28030,93.736,2,27881,27881,27881,27831,27831,27831,97.402,2,27881,27881,27881,27831,27831,27831,97.87,1,29762,29762,29762,29282,29282,29282,97.846,51,18559,18486,16856,18559,18486,16856,97.181
SRR19433045,13,5278,2967,1057,5278,2967,1049,89.727,1,29870,29870,29870,24228,24228,24228,81.022,5,9488,9483,6318,9483,9482,6318,93.409,3,20633,20633,6335,20633,20633,6335,93.773,1,29729,29729,29729,28052,28052,28052,93.76,152,10349,9300,9291,10335,9300,9291,91.155
SRR19433046,6,15679,15679,2839,15679,15679,2839,96.452,1,29870,29870,29870,28011,28011,28011,93.673,2,27824,27824,27824,27824,27824,27824,96.816,2,27994,27994,27994,27829,27829,27829,96.833,1,29812,29812,29812,28914,28914,28914,96.763,22,14669,14292,5231,14294,8198,3456,96.84
SRR19433047,8,8009,5197,1140,8009,5197,1140,95.97,1,29870,29870,29870,28016,28016,28016,93.69,3,16776,16776,11040,16776,16776,11040,96.763,2,27853,27853,27853,27828,27828,27828,96.81,1,29724,29724,29724,28930,28930,28930,96.816,10,14866,8804,2621,14739,8359,2621,96.816
SRR19433048,10,6336,4161,1136,6336,4159,1134,96.77,1,29870,29870,29870,28533,28533,28533,95.419,2,27829,27829,27829,27829,27829,27829,96.365,2,27830,27830,27830,27830,27830,27830,96.699,1,29725,29725,29725,28953,28953,28953,96.893,16,15645,8814,2771,15645,7434,2770,96.89
SRR19433049,6,11332,8295,1109,11311,8295,1106,96.679,1,29870,29870,29870,28103,28103,28103,93.981,2,27846,27846,27846,27840,27840,27840,97.06,3,15844,15844,12203,15785,15785,12203,98.311,1,29754,29754,29754,29389,29389,29389,98.234,11,11912,8377,3127,11912,7404,2967,96.392
SRR19433050,5,9386,7052,3152,9386,7052,3152,93.328,1,29879,29879,29879,27870,27870,27870,93.171,2,25815,25815,25815,25815,25815,25815,93.74,3,25809,25809,2403,25809,25809,1138,95.606,1,26678,26678,26678,26564,26564,26564,88.904,5,21770,17427,4207,21770,17427,4207,93.823
SRR19433051,7,16663,16663,1095,16663,16663,1095,93.352,1,29870,29870,29870,27279,27279,27279,91.225,4,21587,21587,6162,21587,21587,6162,96.535,2,27830,27830,27830,27830,27830,27830,96.783,1,29733,29733,29733,28937,28937,28937,96.816,12,10749,5387,2075,10749,5374,2075,93.87
SRR19433052,9,9221,4222,1422,9221,4222,1422,96.556,1,29879,29879,29879,28907,28907,28907,96.639,4,21087,21087,6146,21087,21087,6146,97.04,2,27935,27935,27935,27837,27837,27837,98.064,1,29764,29764,29764,29304,29304,29304,98.097,23,8867,4627,2160,8867,4493,1951,97.662
SRR19433053,6,13387,6262,2617,13370,6262,2614,95.626,1,29870,29870,29870,27977,27977,27977,93.559,3,26515,26515,26515,26515,26515,26515,96.198,3,26597,26597,26597,26597,26597,26597,96.857,1,29797,29797,29797,28963,28963,28963,96.863,10,13381,11219,3325,10289,5061,1885,96.405
SRR19433054,5,18678,18678,3277,18653,18653,3261,94.663,1,29879,29879,29879,27880,27880,27880,93.205,3,25742,25742,25742,25737,25737,25737,94.576,4,21716,21716,4151,21712,21712,1518,95.104,1,29708,29708,29708,28377,28377,28377,94.997,8,20386,14773,2727,20386,14773,2727,93.716
SRR19433055,8,12455,5966,1251,12455,5966,1251,96.291,1,29870,29870,29870,27470,27470,27470,91.864,2,27809,27809,27809,27809,27809,27809,96.586,2,27815,27815,27815,27815,27815,27815,96.766,1,29725,29725,29725,28915,28915,28915,96.766,16,11356,7476,2751,11091,7476,2751,96.753
SRR19433056,9,7335,3910,1102,7335,3908,1102,93.118,1,29870,29870,29870,26256,26256,26256,87.804,4,10332,10225,6321,10332,10225,6321,93.452,4,10462,10287,6340,10462,10287,6340,94.128,1,29721,29721,29721,28149,28149,28149,94.128,26,10462,7744,6319,10462,7744,5215,93.536
SRR19433057,8,7254,5028,2183,7254,4938,2183,93.573,1,29870,29870,29870,27334,27334,27334,91.409,3,21745,21745,5369,21745,21745,5369,93.345,3,21760,21760,5632,21760,21760,5614,95.281,1,29714,29714,29714,28920,28920,28920,96.803,11,17088,17086,4657,17088,17086,4657,93.619
SRR19433058,8,5312,4950,2967,5312,4950,2961,96.422,1,29879,29879,29879,28917,28917,28917,96.673,2,27829,27829,27829,27829,27829,27829,96.803,2,27830,27830,27830,27830,27830,27830,96.836,1,29721,29721,29721,28936,28936,28936,96.836,28,15017,8706,3413,10013,8136,2198,96.833
SRR19433059,7,13341,6162,2099,13341,6162,2099,96.579,1,29879,29879,29879,28910,28910,28910,96.649,2,27847,27847,27847,27842,27842,27842,98.288,2,27832,27832,27832,27832,27832,27832,98.258,1,29711,29711,29711,29346,29346,29346,98.238,240,6048,5532,3415,6001,5532,3415,97.452
SRR19433060,9,8197,5315,1952,8197,5315,1952,95.097,1,29870,29870,29870,28031,28031,28031,93.74,5,21566,21566,2038,21566,21566,2020,95.679,3,22131,22131,5693,22128,22128,5685,96.642,1,29789,29789,29789,28454,28454,28454,95.004,96,16177,15382,9450,16177,15382,9198,94.024
SRR19433061,9,11084,4262,1097,11083,4241,1097,92.82,1,29879,29879,29879,27751,27751,27751,92.773,3,25725,25725,25725,25725,25725,25725,93.77,3,25773,25773,25773,25773,25773,25773,94.201,1,29763,29763,29763,28506,28506,28506,95.251,35,11095,9143,7879,8811,8495,2225,94.201
SRR19433062,6,18492,18492,1154,18492,18492,1135,93.185,1,29879,29879,29879,27920,27920,27920,93.338,3,25734,25734,25734,25734,25734,25734,93.643,4,21710,21710,4156,21710,21710,4156,95.011,1,29784,29784,29784,28400,28400,28400,95.074,16,13758,13755,5643,13758,13755,5643,93.613
SRR19433063,4,17583,17583,9108,17583,17583,9108,96.913,1,29879,29879,29879,28927,28927,28927,96.706,2,27830,27830,27830,27830,27830,27830,96.846,2,27830,27830,27830,27830,27830,27830,96.927,1,29786,29786,29786,29001,29001,29001,96.907,18,12678,12031,5073,12678,12031,5073,96.927
SRR19433064,13,5366,2969,999,5361,2969,998,95.549,1,29870,29870,29870,28033,28033,28033,93.746,2,27830,27830,27830,27830,27830,27830,95.913,2,27869,27869,27869,27864,27864,27864,96.96,1,29764,29764,29764,28952,28952,28952,96.89,54,13295,10584,5409,13295,10582,5407,96.502
SRR19433065,12,4350,3178,1096,4350,3160,1096,95.957,1,29870,29870,29870,28027,28027,28027,93.726,2,27825,27825,27825,27825,27825,27825,96.362,2,27989,27989,27989,27853,27853,27853,96.89,1,29806,29806,29806,28905,28905,28905,96.733,23,10403,6966,4895,10403,6966,4888,96.8
SRR19433066,9,7327,7113,1184,7327,7113,1184,93.088,1,29870,29870,29870,27818,27818,27818,93.027,3,21587,21587,5952,21587,21587,5952,95.813,3,21643,21643,5876,21643,21643,5876,95.74,1,27652,27652,27652,27641,27641,27641,92.044,10,15853,7293,4616,15853,7293,4616,95.9
SRR19433067,11,6328,4147,1104,6328,4147,1104,91.148,1,29870,29870,29870,24587,24587,24587,82.223,5,7830,6855,6128,7830,6855,6067,92.716,3,20658,20658,6382,20636,20636,6382,93.92,1,29698,29698,29698,28072,28072,28072,93.937,14,10418,9563,5322,10418,9563,2559,91.031
SRR19433068,6,11099,6156,4186,11099,6156,4186,95.492,1,29870,29870,29870,28004,28004,28004,93.649,4,14520,14520,5656,14520,14520,5656,95.502,2,27832,27832,27832,27832,27832,27832,98.101,1,29796,29796,29796,29431,29431,29431,98.241,93,17209,11819,7998,17209,11819,7998,97.746
SRR19433069,11,6238,4007,1100,6238,4007,1100,96.261,1,29870,29870,29870,28031,28031,28031,93.74,3,27827,27827,27827,27827,27827,27827,97.766,2,27832,27832,27832,27832,27832,27832,98.204,1,29844,29844,29844,29066,29066,29066,97.271,176,22509,21547,14485,22509,21534,14485,98.204
SRR19433070,11,4365,3266,1095,4365,3252,1095,92.7,1,29870,29870,29870,26978,26978,26978,90.218,4,20645,20645,2067,20645,20645,2067,93.84,4,19399,19399,6343,19399,19399,6343,94.231,1,29783,29783,29783,28088,28088,28088,93.85,22,5015,3747,2471,4778,2673,1055,94.231
SRR19433071,10,9324,5955,1084,9324,5955,1067,92.92,1,29870,29870,29870,27037,27037,27037,90.416,5,18533,18533,2069,18533,18533,2069,93.783,3,20642,20642,6343,20642,20642,6343,93.823,1,29699,29699,29699,28043,28043,28043,93.84,27,9445,6595,4582,9445,6595,4582,93.837
SRR19433072,13,9355,2108,1065,9355,2108,922,89.546,1,29870,29870,29870,27001,27001,27001,90.295,5,10426,10216,4990,10426,10216,4990,93.649,4,20646,20646,6357,20646,20646,6337,95.85,1,29744,29744,29744,28080,28080,28080,93.82,1738,16759,11023,9203,11032,8997,6146,93.666
SRR19433073,18,3048,1421,913,3048,1421,913,86.155,1,29870,29870,29870,23992,23992,23992,80.233,6,11078,5694,3757,11078,5694,3757,92.218,4,11141,9520,6307,11141,9520,6307,93.646,1,29729,29729,29729,28056,28056,28056,93.79,127,10684,3407,2181,10684,3407,1549,92.318
SRR19433074,15,4034,2415,855,4034,2415,855,78.052,1,29870,29870,29870,23349,23349,23349,78.082,11,7698,3338,1074,7698,3338,1049,85.734,8,9449,4230,1773,9313,4230,1569,85.603,1,28775,28775,28775,26697,26697,26697,88.874,48,5143,3582,2006,4012,2808,1461,81.664
SRR19433075,13,6257,3177,1015,6257,3177,1015,91.228,1,29870,29870,29870,26431,26431,26431,88.389,9,7351,4257,1810,7351,4257,1810,92.285,6,10570,7477,3057,10567,7388,3057,96.164,1,29717,29717,29717,28286,28286,28286,94.606,84,10314,5212,2082,10314,5082,1516,93.863
SRR19433076,13,3626,2985,1090,3626,2985,1090,90.369,1,29870,29870,29870,23336,23336,23336,78.039,6,10730,6336,1810,10699,6336,1810,91.814,3,20713,20713,6340,20682,20682,6340,93.934,1,29701,29701,29701,28079,28079,28079,93.96,33,6675,4374,3963,6648,3966,2619,90.65
SRR19433077,12,5302,2765,1003,5302,2765,982,82.651,1,29870,29870,29870,24716,24716,24716,82.654,7,10017,5442,1595,10017,5442,1595,89.499,4,19830,19830,5391,19722,19722,5287,90.409,1,29430,29430,29430,27335,27335,27335,91.476,21,9574,5545,3508,9466,5545,3291,87.252
SRR19433078,10,4957,4230,1079,4957,4230,1058,88.583,1,29870,29870,29870,23626,23626,23626,79.009,6,10649,9502,2067,10508,9502,2067,93.472,4,10695,10287,6335,10695,10287,6335,94.914,1,29688,29688,29688,28366,28366,28366,94.917,19,6307,4423,3045,6307,4423,3044,92.318
SRR19433079,10,4920,3071,1121,4920,3071,1121,85.443,1,29870,29870,29870,25952,25952,25952,86.787,3,19575,19575,6310,19575,19575,6310,88.69,5,16766,16766,3171,16766,16766,3031,92.295,1,29321,29321,29321,27646,27646,27646,92.512,25,7608,3747,1500,7608,2840,1480,90.509
SRR19433080,7,10408,8322,1805,10408,8322,1805,93.472,1,29870,29870,29870,26226,26226,26226,87.704,8,9276,6775,1615,9276,6775,1609,95.037,5,10941,10160,6340,10882,10159,6340,95.164,1,29719,29719,29719,28457,28457,28457,95.225,25,7012,4069,1715,7012,4069,1368,94.867
SRR19433081,10,6340,3845,1141,6340,3845,1141,89.56,1,29870,29870,29870,26009,26009,26009,86.978,8,14615,14615,1133,14615,14615,1124,91.332,4,14879,14879,5674,14839,14839,5674,95.054,1,29702,29702,29702,28509,28509,28509,95.398,33,5916,2911,1243,5818,2514,1091,91.319
SRR19433082,13,4483,2837,1044,4483,2837,941,86.332,1,29870,29870,29870,22806,22806,22806,76.267,4,13967,13967,6099,13908,13908,6099,91.429,3,20101,20101,6334,20101,20101,6334,91.971,1,29085,29085,29085,27379,27379,27379,91.469,64,8654,4963,2210,8654,4963,2078,88.911
SRR19433083,14,4537,2446,1102,4519,2446,1102,92.044,1,29870,29870,29870,25185,25185,25185,84.222,5,10753,9770,6307,10753,9770,6307,93.322,3,20645,20645,6366,20645,20645,6333,93.827,1,29698,29698,29698,28033,28033,28033,93.807,37,8699,6806,1468,8699,4117,1148,92.666
SRR19433084,12,4889,3724,1025,4889,3724,1025,85.543,1,29870,29870,29870,23250,23250,23250,77.751,9,6334,5106,1190,6334,5092,1167,89.984,4,10336,9759,6329,10336,9759,6329,92.355,1,29407,29407,29407,27633,27633,27633,92.392,271,8058,7031,4053,8058,7031,2520,90.891
SRR19433085,12,5100,3180,1408,5100,3180,1408,87.891,1,29870,29870,29870,23962,23962,23962,80.132,5,9712,7850,2192,9712,7850,2192,92.051,4,10336,10195,6338,10336,10195,6338,94.857,1,29776,29776,29776,28434,28434,28434,94.857,18,9110,3562,1923,9110,3407,1261,93.272
SRR19433086,14,4182,2076,1060,4182,2076,1058,84.005,1,29870,29870,29870,23928,23928,23928,80.019,7,7971,7230,2019,7971,7230,2019,90.57,4,10955,8949,6343,10955,8949,6343,91.372,1,29547,29547,29547,27890,27890,27890,92.971,50,4925,2712,1204,4804,2570,1111,90.586
SRR19433087,13,4358,3138,1110,4358,3138,1108,92.997,1,29870,29870,29870,26661,26661,26661,89.158,4,20959,20959,2067,20959,20959,2067,94.352,3,21214,21214,6340,21128,21128,6340,95.609,1,29693,29693,29693,28518,28518,28518,95.429,264,17427,17377,12716,17427,17377,12716,93.837
SRR19433088,11,6134,2829,1136,6134,2829,1114,88.576,1,29870,29870,29870,25406,25406,25406,84.961,7,10330,8241,1615,10329,8241,1567,90.382,4,10409,10023,6343,10409,9732,6343,92.135,1,29754,29754,29754,27527,27527,27527,91.937,48,6196,3552,1131,6196,2415,1005,91.87
SRR19433089,10,5160,3142,1069,5160,3142,1049,89.212,1,29870,29870,29870,23248,23248,23248,77.745,5,10332,9342,6325,10332,9342,6325,92.566,5,10383,9413,6335,10328,9308,6335,93.509,1,29700,29700,29700,28029,28029,28029,93.76,19,9008,5842,3665,9007,5831,1573,90.185
SRR19433090,13,5038,2995,1104,5021,2995,1104,89.921,1,29870,29870,29870,23325,23325,23325,78.002,8,6780,6321,1490,6780,6321,1490,91.73,4,10299,9936,6343,10299,9936,6343,92.479,1,29688,29688,29688,27669,27669,27669,92.589,15,10819,10332,3379,10334,9635,2174,91.586
SRR19433091,12,8313,3179,1081,8296,3179,1030,92.539,1,29870,29870,29870,24702,24702,24702,82.607,5,10386,10078,2331,10386,10078,2331,91.643,3,20637,20637,6343,20637,20637,6343,93.823,1,29690,29690,29690,28038,28038,28038,93.823,33,7843,5203,2654,7843,4482,1265,93.058
SRR19433092,6,8290,8186,2980,8290,8164,2980,96.014,1,29879,29879,29879,28918,28918,28918,96.676,2,27825,27825,27825,27825,27825,27825,96.345,2,27826,27826,27826,27826,27826,27826,96.846,1,28615,28615,28615,28171,28171,28171,94.161,9,15569,8457,4635,15569,8457,4611,96.836
SRR19433093,7,9179,8338,1933,9179,8317,1933,96.512,1,29879,29879,29879,28826,28826,28826,96.368,4,13633,11827,2503,13633,11824,2503,97.502,2,27967,27967,27967,27855,27855,27855,97.549,1,29805,29805,29805,29201,29201,29201,97.428,9,18682,16123,9091,10691,10151,6445,97.418
SRR19433094,11,7238,6970,1030,7238,6970,1030,93.649,1,29870,29870,29870,25833,25833,25833,86.389,5,16997,16997,3084,16997,16997,3062,98.729,2,23308,23308,6535,23274,23274,6534,99.204,1,29783,29783,29783,29783,29783,29783,99.462,29,16372,10385,3940,14819,5969,1519,98.769
SRR19433095,10,6334,4203,1004,6334,4203,999,91.081,1,29870,29870,29870,25453,25453,25453,85.119,5,10149,7192,3271,10149,7192,3271,92.456,4,10837,10277,6343,10780,10257,6343,95.131,1,29761,29761,29761,28484,28484,28484,95.312,24,10507,10504,3315,10507,10504,2838,93.773
SRR19433096,14,6437,2570,1033,6437,2570,1033,92.088,1,29870,29870,29870,24766,24766,24766,82.821,3,21587,21587,5471,21587,21587,5471,93.539,3,21578,21578,6011,21578,21578,5987,97.328,1,29810,29810,29810,29303,29303,29303,97.759,411,18917,18912,9179,18917,18912,9179,94.666
SRR19433097,14,7082,2997,930,7082,2997,930,89.797,1,29870,29870,29870,24359,24359,24359,81.46,3,21696,21696,5475,21696,21696,5475,94.572,3,22215,22215,5591,22215,22215,5591,96.736,1,29724,29724,29724,28794,28794,28794,96.362,49,18797,16581,9456,18741,16525,9400,94.79
SRR19433098,8,14462,14462,1100,14462,14462,1100,93.074,1,29879,29879,29879,27809,27809,27809,92.967,3,25719,25719,25719,25719,25719,25719,93.552,3,25720,25720,25720,25720,25720,25720,93.385,1,29715,29715,29715,28320,28320,28320,94.807,17,13230,12434,5077,13230,12434,2539,93.563
SRR19433099,5,16793,16793,4125,16793,16793,4125,96.723,1,29879,29879,29879,28925,28925,28925,96.699,2,27829,27829,27829,27829,27829,27829,95.743,2,27830,27830,27830,27830,27830,27830,96.8,1,29765,29765,29765,28970,28970,28970,96.803,16,9199,6471,4420,9199,6471,4420,96.803
SRR19433100,9,7255,6187,1097,7255,6187,1097,96.616,1,29870,29870,29870,28668,28668,28668,95.87,2,27830,27830,27830,27830,27830,27830,95.99,2,27910,27910,27910,27826,27826,27826,96.81,1,29729,29729,29729,28928,28928,28928,96.81,19,14828,12764,9361,14828,12042,8321,96.83
SRR19433101,4,23515,23515,2243,23515,23515,2243,93.158,1,29879,29879,29879,27917,27917,27917,93.328,3,25719,25719,25719,25719,25719,25719,93.101,4,21554,21554,4452,21554,21554,4313,93.489,1,29763,29763,29763,27997,27997,27997,93.549,5,25158,19154,4560,25158,19154,3745,93.566
SRR19433102,11,7968,3140,1241,7968,3140,1241,90.065,1,29870,29870,29870,24841,24841,24841,83.072,4,18178,18178,3467,18178,18178,3467,96.713,3,24504,24504,3467,24504,24504,3467,98.204,1,29898,29898,29898,29419,29419,29419,98.288,528,16643,16638,13493,16498,16493,13492,94.255
SRR19433103,8,10245,5227,2034,10245,5227,2034,96.984,1,29870,29870,29870,28462,28462,28462,95.181,2,27829,27829,27829,27829,27829,27829,97.057,2,27833,27833,27833,27833,27833,27833,97.077,1,29726,29726,29726,29195,29195,29195,97.703,22,15923,15919,8915,15923,15919,3578,97.689
SRR19433104,9,7145,4147,1994,7145,4147,1994,96.492,1,29870,29870,29870,28026,28026,28026,93.723,2,27346,27346,27346,27346,27346,27346,95.188,2,28037,28037,28037,27832,27832,27832,97.532,1,29779,29779,29779,28932,28932,28932,96.823,44,18270,13852,11023,13730,9559,8555,96.796
SRR19433105,8,7313,5156,1147,7313,5118,1147,93.686,1,29879,29879,29879,27926,27926,27926,93.359,4,14769,14769,11014,14769,14769,11014,92.516,3,25816,25816,25816,25816,25816,25816,94.051,1,29755,29755,29755,28109,28109,28109,94.071,19,8490,6511,2054,8490,4321,1149,94.051
SRR19433106,15,4106,2888,750,4106,2888,750,80.219,1,29870,29870,29870,23651,23651,23651,79.092,7,7028,5808,1606,7028,5808,1127,85.543,5,10476,9520,5686,10339,9520,5684,90.76,1,30512,30512,30512,16031,16031,12812,90.767,21,7491,4042,1626,7491,4042,894,89.155
SRR19433107,7,8242,6359,2028,8242,6359,2028,96.602,1,29870,29870,29870,28296,28296,28296,94.626,2,27826,27826,27826,27826,27826,27826,96.803,2,27830,27830,27830,27830,27830,27830,96.816,1,29725,29725,29725,28930,28930,28930,96.816,29,27832,27829,24572,27832,27829,24572,96.816
SRR19433108,9,13384,5179,1049,13367,5179,1049,93.041,1,29879,29879,29879,27959,27959,27959,93.469,5,19306,19306,2159,19306,19306,2159,92.014,3,25749,25749,25749,25742,25742,25742,93.72,1,29815,29815,29815,28004,28004,28004,93.72,20,5140,2056,1135,5140,2056,1100,93.583
SRR19433109,10,6356,4365,1097,6356,4365,1097,96.432,1,29879,29879,29879,28929,28929,28929,96.713,2,27830,27830,27830,27830,27830,27830,97.06,2,27830,27830,27830,27830,27830,27830,97.442,1,27830,27830,27830,27830,27830,27830,93.138,196,15831,14579,9101,15831,6167,4694,97.06
